Pattern,Illicit_Mean,Licit_Mean,Separation
peel_chain_score,0.08035203520352036,0.06307146766938765,0.017280567534132707
mixing_service_score,2.2724174378222136e-05,0.00019208933935983935,-0.00016936516498161722
rapid_dispersal_score,0.0,0.003024335942602878,-0.003024335942602878
